Pitch_date,Pitch_time,Pitch_milliseconds,Pitch_angle
2019-01-20,00:10:30,889,-2.25
2019-01-20,00:10:31,889,-2.64
2019-01-20,00:10:32,889,-1.85
2019-01-20,00:10:33,889,-0.18
2019-01-20,00:10:34,889,1.46
2019-01-20,00:10:35,889,1.82
2019-01-20,00:10:36,889,0.47
2019-01-20,00:10:37,889,-1.65
2019-01-20,00:10:38,889,-3.09
2019-01-20,00:10:39,889,-2.52
2019-01-20,00:10:40,890,-0.26
2019-01-20,00:10:41,890,1.64
2019-01-20,00:10:42,890,1.6
2019-01-20,00:10:43,889,0.48
2019-01-20,00:10:44,889,-0.47
2019-01-20,00:10:45,889,-1.35
2019-01-20,00:10:46,889,-2.41
2019-01-20,00:10:47,889,-2.75
2019-01-20,00:10:48,889,-1.11
2019-01-20,00:10:49,889,1.8
2019-01-20,00:10:50,889,3.11
2019-01-20,00:10:51,889,0.97
2019-01-20,00:10:52,889,-2.67
2019-01-20,00:10:53,889,-4.22
2019-01-20,00:10:54,889,-2.21
2019-01-20,00:10:55,890,1.39
2019-01-20,00:10:56,890,3.58
2019-01-20,00:10:57,890,2.17
2019-01-20,00:10:58,889,-1.58
2019-01-20,00:10:59,889,-3.84
2019-01-20,00:11:00,889,-2.61
2019-01-20,00:11:01,889,0.5
2019-01-20,00:11:02,889,2.09
2019-01-20,00:11:03,889,0.84
2019-01-20,00:11:04,889,-1.36
2019-01-20,00:11:05,889,-1.89
2019-01-20,00:11:06,889,-0.75
2019-01-20,00:11:07,889,0.36
2019-01-20,00:11:08,889,0.25
2019-01-20,00:11:09,889,-0.7
2019-01-20,00:11:10,890,-1.36
2019-01-20,00:11:11,890,-0.99
2019-01-20,00:11:12,890,0.06
2019-01-20,00:11:13,889,0.65
2019-01-20,00:11:14,889,0.07
2019-01-20,00:11:15,889,-1.05
2019-01-20,00:11:16,889,-1.6
2019-01-20,00:11:17,889,-1.32
2019-01-20,00:11:18,889,-0.61
2019-01-20,00:11:19,889,0.22
2019-01-20,00:11:20,889,0.75
2019-01-20,00:11:21,889,0.34
2019-01-20,00:11:22,889,-0.92
2019-01-20,00:11:23,889,-1.94
2019-01-20,00:11:24,889,-1.55
2019-01-20,00:11:25,890,0.09
2019-01-20,00:11:26,890,1.5
2019-01-20,00:11:27,890,1.03
2019-01-20,00:11:28,889,-1.25
2019-01-20,00:11:29,889,-3.08
2019-01-20,00:11:30,889,-2.35
2019-01-20,00:11:31,889,0.26
2019-01-20,00:11:32,889,2.36
2019-01-20,00:11:33,889,1.93
2019-01-20,00:11:34,889,-0.42
2019-01-20,00:11:35,889,-2.41
2019-01-20,00:11:36,889,-2.59
2019-01-20,00:11:37,889,-1.21
2019-01-20,00:11:38,889,0.29
2019-01-20,00:11:39,889,0.86
2019-01-20,00:11:40,890,0.61
2019-01-20,00:11:41,890,0.14
2019-01-20,00:11:42,890,-0.55
2019-01-20,00:11:43,890,-1.54
2019-01-20,00:11:44,889,-1.9
2019-01-20,00:11:45,889,-1.07
2019-01-20,00:11:46,889,0.04
2019-01-20,00:11:47,889,0.1
2019-01-20,00:11:48,889,-0.66
2019-01-20,00:11:49,889,-1.04
2019-01-20,00:11:50,889,-0.37
2019-01-20,00:11:51,889,0.52
2019-01-20,00:11:52,889,0.62
2019-01-20,00:11:53,889,-0.05
2019-01-20,00:11:54,889,-0.95
2019-01-20,00:11:55,890,-1.71
2019-01-20,00:11:56,890,-1.89
2019-01-20,00:11:57,890,-1.23
2019-01-20,00:11:58,889,-0.33
2019-01-20,00:11:59,889,0.16
2019-01-20,00:12:00,889,0.36
2019-01-20,00:12:01,889,0.47
2019-01-20,00:12:02,889,0.22
2019-01-20,00:12:03,889,-0.77
2019-01-20,00:12:04,889,-1.92
2019-01-20,00:12:05,889,-1.99
2019-01-20,00:12:06,889,-0.45
2019-01-20,00:12:07,889,1.31
2019-01-20,00:12:08,889,1.09
2019-01-20,00:12:09,889,-1.48
2019-01-20,00:12:10,890,-2.88
2019-01-20,00:12:11,890,-1.26
2019-01-20,00:12:12,890,1.53
2019-01-20,00:12:13,890,2.23
2019-01-20,00:12:14,889,-0.06
2019-01-20,00:12:15,889,-2.43
2019-01-20,00:12:16,889,-2.52
2019-01-20,00:12:17,889,-0.77
2019-01-20,00:12:18,889,0.87
2019-01-20,00:12:19,889,1.08
2019-01-20,00:12:20,889,0.2
2019-01-20,00:12:21,889,-0.99
2019-01-20,00:12:22,889,-1.74
2019-01-20,00:12:23,889,-1.4
2019-01-20,00:12:24,889,-0.29
2019-01-20,00:12:25,890,0.38
2019-01-20,00:12:26,890,-0.13
2019-01-20,00:12:27,890,-1.26
2019-01-20,00:12:28,890,-1.51
2019-01-20,00:12:29,889,-0.27
2019-01-20,00:12:30,889,1.3
2019-01-20,00:12:31,889,1.43
2019-01-20,00:12:32,889,-0.48
2019-01-20,00:12:33,889,-2.78
2019-01-20,00:12:34,889,-3.02
2019-01-20,00:12:35,889,-0.73
2019-01-20,00:12:36,889,2.04
2019-01-20,00:12:37,889,2.71
2019-01-20,00:12:38,889,0.51
2019-01-20,00:12:39,889,-2.62
2019-01-20,00:12:40,889,-4.03
2019-01-20,00:12:41,889,-2.4
2019-01-20,00:12:42,890,0.77
2019-01-20,00:12:43,890,2.8
2019-01-20,00:12:44,889,2.14
2019-01-20,00:12:45,889,-0.26
2019-01-20,00:12:46,889,-2.26
2019-01-20,00:12:47,889,-2.45
2019-01-20,00:12:48,889,-1.24
2019-01-20,00:12:49,889,-0.11
2019-01-20,00:12:50,889,0.07
2019-01-20,00:12:51,889,-0.39
2019-01-20,00:12:52,889,-0.63
2019-01-20,00:12:53,889,-0.09
2019-01-20,00:12:54,889,0.57
2019-01-20,00:12:55,889,0.27
2019-01-20,00:12:56,889,-0.9
2019-01-20,00:12:57,889,-2.14
2019-01-20,00:12:58,890,-2.08
2019-01-20,00:12:59,890,-0.56
2019-01-20,00:13:00,889,1.06
2019-01-20,00:13:01,889,1.3
2019-01-20,00:13:02,889,-0.1
2019-01-20,00:13:03,889,-1.84
2019-01-20,00:13:04,889,-2
2019-01-20,00:13:05,889,-0.14
2019-01-20,00:13:06,889,1.81
2019-01-20,00:13:07,889,1.61
2019-01-20,00:13:08,889,-1.13
2019-01-20,00:13:09,889,-3.87
2019-01-20,00:13:10,889,-3.46
2019-01-20,00:13:11,889,-0.17
2019-01-20,00:13:12,889,2.97
2019-01-20,00:13:13,889,3.12
2019-01-20,00:13:14,890,0.64
2019-01-20,00:13:15,890,-1.75
2019-01-20,00:13:16,889,-2.43
2019-01-20,00:13:17,889,-1.93
2019-01-20,00:13:18,889,-1.42
2019-01-20,00:13:19,889,-1.06
2019-01-20,00:13:20,889,-0.32
2019-01-20,00:13:21,889,0.94
2019-01-20,00:13:22,889,1.63
2019-01-20,00:13:23,889,0.81
2019-01-20,00:13:24,889,-0.91
2019-01-20,00:13:25,889,-2.15
2019-01-20,00:13:26,889,-2.18
2019-01-20,00:13:27,889,-1.33
2019-01-20,00:13:28,889,-0.42
2019-01-20,00:13:29,888,0.33
2019-01-20,00:13:30,889,0.82
2019-01-20,00:13:31,889,0.55
2019-01-20,00:13:32,889,-0.47
2019-01-20,00:13:33,889,-1.47
2019-01-20,00:13:34,889,-1.45
2019-01-20,00:13:35,889,-0.74
2019-01-20,00:13:36,889,-0.37
2019-01-20,00:13:37,889,-0.42
2019-01-20,00:13:38,889,-0.47
2019-01-20,00:13:39,889,-0.35
2019-01-20,00:13:40,889,-0.16
2019-01-20,00:13:41,889,-0.14
2019-01-20,00:13:42,889,-0.41
2019-01-20,00:13:43,889,-0.67
2019-01-20,00:13:44,889,-0.95
2019-01-20,00:13:45,888,-1.17
2019-01-20,00:13:46,889,-0.95
2019-01-20,00:13:47,889,-0.4
2019-01-20,00:13:48,889,0.02
2019-01-20,00:13:49,889,-0.09
2019-01-20,00:13:50,889,-0.33
2019-01-20,00:13:51,889,-0.45
2019-01-20,00:13:52,889,-0.6
2019-01-20,00:13:53,889,-0.86
2019-01-20,00:13:54,889,-1.16
2019-01-20,00:13:55,889,-1.04
2019-01-20,00:13:56,889,-0.43
2019-01-20,00:13:57,889,0.18
2019-01-20,00:13:58,889,0.23
2019-01-20,00:13:59,889,-0.29
2019-01-20,00:14:00,889,-0.86
2019-01-20,00:14:01,888,-0.97
2019-01-20,00:14:02,889,-0.97
2019-01-20,00:14:03,889,-1.2
2019-01-20,00:14:04,889,-1.12
2019-01-20,00:14:05,889,-0.36
2019-01-20,00:14:06,889,0.53
2019-01-20,00:14:07,889,0.63
2019-01-20,00:14:08,889,-0.28
2019-01-20,00:14:09,889,-1.37
2019-01-20,00:14:10,889,-1.51
2019-01-20,00:14:11,889,-0.72
2019-01-20,00:14:12,889,-0.12
2019-01-20,00:14:13,889,-0.33
2019-01-20,00:14:14,889,-0.56
2019-01-20,00:14:15,889,-0.56
2019-01-20,00:14:16,888,-0.64
2019-01-20,00:14:17,888,-0.87
2019-01-20,00:14:18,889,-0.71
2019-01-20,00:14:19,889,-0.06
2019-01-20,00:14:20,889,0.16
2019-01-20,00:14:21,889,-0.53
2019-01-20,00:14:22,889,-1.65
2019-01-20,00:14:23,889,-2.21
2019-01-20,00:14:24,889,-1.08
2019-01-20,00:14:25,889,1.18
2019-01-20,00:14:26,889,2.47
2019-01-20,00:14:27,889,1.67
2019-01-20,00:14:28,889,-0.52
2019-01-20,00:14:29,889,-3.14
2019-01-20,00:14:30,889,-4.56
2019-01-20,00:14:31,889,-3.22
2019-01-20,00:14:32,888,0.26
2019-01-20,00:14:33,888,3.39
2019-01-20,00:14:34,889,3.78
2019-01-20,00:14:35,889,1.26
2019-01-20,00:14:36,889,-2.19
2019-01-20,00:14:37,889,-4.17
2019-01-20,00:14:38,889,-3.3
2019-01-20,00:14:39,889,-0.49
2019-01-20,00:14:40,889,2.24
2019-01-20,00:14:41,889,2.96
2019-01-20,00:14:42,889,0.99
2019-01-20,00:14:43,889,-2.31
2019-01-20,00:14:44,889,-3.78
2019-01-20,00:14:45,889,-2.19
2019-01-20,00:14:46,888,0.49
2019-01-20,00:14:47,888,1.62
2019-01-20,00:14:48,888,0.62
2019-01-20,00:14:49,889,-0.89
2019-01-20,00:14:50,889,-1.36
2019-01-20,00:14:51,889,-0.83
2019-01-20,00:14:52,889,-0.13
2019-01-20,00:14:53,889,0.12
2019-01-20,00:14:54,889,-0.32
2019-01-20,00:14:55,889,-1.07
2019-01-20,00:14:56,889,-1.33
2019-01-20,00:14:57,889,-0.88
2019-01-20,00:14:58,889,-0.29
2019-01-20,00:14:59,889,0
2019-01-20,00:15:00,889,-0.05
2019-01-20,00:15:01,889,-0.18
2019-01-20,00:15:02,888,-0.25
2019-01-20,00:15:03,888,-0.66
2019-01-20,00:15:04,889,-1.64
2019-01-20,00:15:05,889,-2.15
2019-01-20,00:15:06,889,-1.11
2019-01-20,00:15:07,889,1.02
2019-01-20,00:15:08,889,2.38
2019-01-20,00:15:09,889,1.45
2019-01-20,00:15:10,889,-1.15
2019-01-20,00:15:11,889,-2.77
2019-01-20,00:15:12,889,-2.35
2019-01-20,00:15:13,889,-1.06
2019-01-20,00:15:14,889,-0.61
2019-01-20,00:15:15,889,-0.77
2019-01-20,00:15:16,888,0.23
2019-01-20,00:15:17,888,2.03
2019-01-20,00:15:18,888,2.65
2019-01-20,00:15:19,889,0.39
2019-01-20,00:15:20,889,-3.28
2019-01-20,00:15:21,889,-4.7
2019-01-20,00:15:22,889,-2.59
2019-01-20,00:15:23,889,1.15
2019-01-20,00:15:24,889,3.53
2019-01-20,00:15:25,889,2.6
2019-01-20,00:15:26,889,-0.62
2019-01-20,00:15:27,889,-3.19
2019-01-20,00:15:28,889,-3.17
2019-01-20,00:15:29,889,-0.89
2019-01-20,00:15:30,889,1.51
2019-01-20,00:15:31,889,1.97
2019-01-20,00:15:32,889,0.21
2019-01-20,00:15:33,888,-1.86
2019-01-20,00:15:34,889,-2.11
2019-01-20,00:15:35,889,-0.66
2019-01-20,00:15:36,889,0.83
2019-01-20,00:15:37,889,0.64
2019-01-20,00:15:38,889,-1.03
2019-01-20,00:15:39,889,-2.34
2019-01-20,00:15:40,889,-1.6
2019-01-20,00:15:41,889,0.38
2019-01-20,00:15:42,889,1.5
2019-01-20,00:15:43,889,0.8
2019-01-20,00:15:44,889,-0.36
2019-01-20,00:15:45,889,-0.84
2019-01-20,00:15:46,889,-0.94
2019-01-20,00:15:47,888,-1.52
2019-01-20,00:15:48,888,-2.3
2019-01-20,00:15:49,889,-1.69
2019-01-20,00:15:50,889,0.33
2019-01-20,00:15:51,889,1.82
2019-01-20,00:15:52,889,1.27
2019-01-20,00:15:53,889,-0.43
2019-01-20,00:15:54,889,-1.09
2019-01-20,00:15:55,889,-0.8
2019-01-20,00:15:56,889,-1.01
2019-01-20,00:15:57,889,-1.51
2019-01-20,00:15:58,889,-1.27
2019-01-20,00:15:59,889,-0.32
2019-01-20,00:16:00,889,0.36
2019-01-20,00:16:01,889,0.31
2019-01-20,00:16:02,888,-0.11
2019-01-20,00:16:03,888,-0.35
2019-01-20,00:16:04,889,-0.62
2019-01-20,00:16:05,889,-1.18
2019-01-20,00:16:06,889,-1.56
2019-01-20,00:16:07,889,-1.24
2019-01-20,00:16:08,889,-0.13
2019-01-20,00:16:09,889,1.01
2019-01-20,00:16:10,889,1.11
2019-01-20,00:16:11,889,0.17
2019-01-20,00:16:12,889,-1.14
2019-01-20,00:16:13,889,-2.37
2019-01-20,00:16:14,889,-2.65
2019-01-20,00:16:15,889,-1.2
2019-01-20,00:16:16,889,1.01
2019-01-20,00:16:17,888,1.86
2019-01-20,00:16:18,888,0.37
2019-01-20,00:16:19,889,-1.6
2019-01-20,00:16:20,889,-1.74
2019-01-20,00:16:21,889,-0.28
2019-01-20,00:16:22,889,0.77
2019-01-20,00:16:23,889,0.05
2019-01-20,00:16:24,889,-1.29
2019-01-20,00:16:25,889,-1.87
2019-01-20,00:16:26,889,-1.44
2019-01-20,00:16:27,889,-0.25
2019-01-20,00:16:28,889,1.18
2019-01-20,00:16:29,889,1.82
2019-01-20,00:16:30,889,0.62
2019-01-20,00:16:31,889,-1.71
2019-01-20,00:16:32,889,-3.3
2019-01-20,00:16:33,888,-2.75
2019-01-20,00:16:34,889,-0.55
2019-01-20,00:16:35,889,1.32
2019-01-20,00:16:36,889,1.74
2019-01-20,00:16:37,889,0.84
2019-01-20,00:16:38,889,-0.39
2019-01-20,00:16:39,889,-1.4
2019-01-20,00:16:40,889,-2.05
2019-01-20,00:16:41,889,-1.87
2019-01-20,00:16:42,889,-0.62
2019-01-20,00:16:43,889,0.69
2019-01-20,00:16:44,889,0.87
2019-01-20,00:16:45,889,-0.25
2019-01-20,00:16:46,889,-1.48
2019-01-20,00:16:47,889,-1.63
2019-01-20,00:16:48,888,-0.8
2019-01-20,00:16:49,889,0.1
2019-01-20,00:16:50,889,0.38
2019-01-20,00:16:51,889,0.23
2019-01-20,00:16:52,889,-0.08
2019-01-20,00:16:53,889,-1.04
2019-01-20,00:16:54,889,-2.34
2019-01-20,00:16:55,889,-2.23
2019-01-20,00:16:56,889,-0.12
2019-01-20,00:16:57,889,2.23
2019-01-20,00:16:58,889,2.27
2019-01-20,00:16:59,889,-0.3
2019-01-20,00:17:00,889,-2.67
2019-01-20,00:17:01,889,-2.31
2019-01-20,00:17:02,888,-0.04
2019-01-20,00:17:03,888,1.17
2019-01-20,00:17:04,889,-0.33
2019-01-20,00:17:05,889,-1.98
2019-01-20,00:17:06,889,-1.37
2019-01-20,00:17:07,889,0.68
2019-01-20,00:17:08,889,1.84
2019-01-20,00:17:09,889,0.74
2019-01-20,00:17:10,889,-1.47
2019-01-20,00:17:11,889,-2.58
2019-01-20,00:17:12,889,-1.73
2019-01-20,00:17:13,889,0.01
2019-01-20,00:17:14,889,0.87
2019-01-20,00:17:15,889,0.28
2019-01-20,00:17:16,889,-0.41
2019-01-20,00:17:17,889,-0.37
2019-01-20,00:17:18,888,-0.29
2019-01-20,00:17:19,889,-1.08
2019-01-20,00:17:20,889,-1.74
2019-01-20,00:17:21,889,-1.03
2019-01-20,00:17:22,889,0.54
2019-01-20,00:17:23,889,1
2019-01-20,00:17:24,889,-0.6
2019-01-20,00:17:25,889,-2.4
2019-01-20,00:17:26,889,-1.86
2019-01-20,00:17:27,889,0.53
2019-01-20,00:17:28,889,2.29
2019-01-20,00:17:29,889,1.6
2019-01-20,00:17:30,889,-1.02
2019-01-20,00:17:31,889,-3.19
2019-01-20,00:17:32,889,-2.79
2019-01-20,00:17:33,888,-0.43
2019-01-20,00:17:34,889,1.58
2019-01-20,00:17:35,889,1.48
2019-01-20,00:17:36,889,-0.24
2019-01-20,00:17:37,889,-1.59
2019-01-20,00:17:38,889,-1.67
2019-01-20,00:17:39,889,-1.04
2019-01-20,00:17:40,889,-0.49
2019-01-20,00:17:41,889,-0.07
2019-01-20,00:17:42,889,0.22
2019-01-20,00:17:43,889,0.16
2019-01-20,00:17:44,889,-0.35
2019-01-20,00:17:45,889,-1.07
2019-01-20,00:17:46,889,-1.2
2019-01-20,00:17:47,889,-0.43
2019-01-20,00:17:48,889,0.25
2019-01-20,00:17:49,889,-0.02
2019-01-20,00:17:50,889,-1.03
2019-01-20,00:17:51,889,-1.95
2019-01-20,00:17:52,889,-1.7
2019-01-20,00:17:53,889,-0.04
2019-01-20,00:17:54,889,1.64
2019-01-20,00:17:55,889,1.63
2019-01-20,00:17:56,889,-0.41
2019-01-20,00:17:57,889,-2.77
2019-01-20,00:17:58,889,-2.88
2019-01-20,00:17:59,889,-0.62
2019-01-20,00:18:00,889,1.63
2019-01-20,00:18:01,889,1.77
2019-01-20,00:18:02,889,0.14
2019-01-20,00:18:03,889,-1.5
2019-01-20,00:18:04,889,-1.89
2019-01-20,00:18:05,889,-1.36
2019-01-20,00:18:06,889,-0.88
2019-01-20,00:18:07,889,-0.82
2019-01-20,00:18:08,889,-0.36
2019-01-20,00:18:09,889,0.75
2019-01-20,00:18:10,889,1.6
2019-01-20,00:18:11,889,0.92
2019-01-20,00:18:12,889,-1.21
2019-01-20,00:18:13,889,-2.78
2019-01-20,00:18:14,889,-2.42
2019-01-20,00:18:15,889,-0.78
2019-01-20,00:18:16,889,0.4
2019-01-20,00:18:17,889,0.49
2019-01-20,00:18:18,889,0.42
2019-01-20,00:18:19,889,0.51
2019-01-20,00:18:20,889,-0.1
2019-01-20,00:18:21,889,-1.63
2019-01-20,00:18:22,889,-2.55
2019-01-20,00:18:23,889,-1.37
2019-01-20,00:18:24,889,0.93
2019-01-20,00:18:25,889,2.05
2019-01-20,00:18:26,889,0.63
2019-01-20,00:18:27,889,-1.97
2019-01-20,00:18:28,889,-3.08
2019-01-20,00:18:29,889,-1.53
2019-01-20,00:18:30,889,1.16
2019-01-20,00:18:31,889,2.49
2019-01-20,00:18:32,889,1.1
2019-01-20,00:18:33,889,-1.98
2019-01-20,00:18:34,889,-3.87
2019-01-20,00:18:35,889,-2.58
2019-01-20,00:18:36,889,0.6
2019-01-20,00:18:37,889,2.79
2019-01-20,00:18:38,889,2.56
2019-01-20,00:18:39,889,0.26
2019-01-20,00:18:40,889,-2.62
2019-01-20,00:18:41,889,-3.7
2019-01-20,00:18:42,889,-1.98
2019-01-20,00:18:43,889,0.8
2019-01-20,00:18:44,889,2.14
2019-01-20,00:18:45,889,1.18
2019-01-20,00:18:46,889,-0.6
2019-01-20,00:18:47,889,-1.87
2019-01-20,00:18:48,889,-1.96
2019-01-20,00:18:49,889,-1.17
2019-01-20,00:18:50,889,-0.22
2019-01-20,00:18:51,889,0.33
2019-01-20,00:18:52,889,0.54
2019-01-20,00:18:53,889,0.35
2019-01-20,00:18:54,889,-0.39
2019-01-20,00:18:55,889,-1.38
2019-01-20,00:18:56,889,-1.66
2019-01-20,00:18:57,889,-0.9
2019-01-20,00:18:58,889,0.03
2019-01-20,00:18:59,889,0.1
2019-01-20,00:19:00,889,-0.44
2019-01-20,00:19:01,889,-0.62
2019-01-20,00:19:02,889,-0.2
2019-01-20,00:19:03,889,-0.06
2019-01-20,00:19:04,889,-0.84
2019-01-20,00:19:05,889,-1.47
2019-01-20,00:19:06,889,-0.9
2019-01-20,00:19:07,889,0.28
2019-01-20,00:19:08,889,0.76
2019-01-20,00:19:09,889,-0.04
2019-01-20,00:19:10,889,-1.45
2019-01-20,00:19:11,889,-2.12
2019-01-20,00:19:12,889,-1.43
2019-01-20,00:19:13,889,-0.09
2019-01-20,00:19:14,889,0.84
2019-01-20,00:19:15,889,0.76
2019-01-20,00:19:16,889,-0.15
2019-01-20,00:19:17,889,-0.73
2019-01-20,00:19:18,889,-0.88
2019-01-20,00:19:19,890,-1.22
2019-01-20,00:19:20,889,-1.57
2019-01-20,00:19:21,889,-1.27
2019-01-20,00:19:22,889,-0.09
2019-01-20,00:19:23,889,1.18
2019-01-20,00:19:24,889,1.29
2019-01-20,00:19:25,889,-0.28
2019-01-20,00:19:26,889,-2.27
2019-01-20,00:19:27,889,-2.84
2019-01-20,00:19:28,889,-1.34
2019-01-20,00:19:29,889,1.05
2019-01-20,00:19:30,889,1.87
2019-01-20,00:19:31,889,0.28
2019-01-20,00:19:32,889,-1.58
2019-01-20,00:19:33,889,-1.5
2019-01-20,00:19:34,890,-0.08
2019-01-20,00:19:35,889,0.5
2019-01-20,00:19:36,889,-0.74
2019-01-20,00:19:37,889,-2.22
2019-01-20,00:19:38,889,-1.83
2019-01-20,00:19:39,889,0.22
2019-01-20,00:19:40,889,1.88
2019-01-20,00:19:41,889,1.51
2019-01-20,00:19:42,889,-0.69
2019-01-20,00:19:43,889,-2.6
2019-01-20,00:19:44,889,-2.5
2019-01-20,00:19:45,889,-0.86
2019-01-20,00:19:46,889,0.73
2019-01-20,00:19:47,889,1.15
2019-01-20,00:19:48,889,0.28
2019-01-20,00:19:49,890,-0.83
2019-01-20,00:19:50,890,-1.16
2019-01-20,00:19:51,889,-0.67
2019-01-20,00:19:52,889,-0.03
2019-01-20,00:19:53,889,-0.21
2019-01-20,00:19:54,889,-1.28
2019-01-20,00:19:55,889,-1.96
2019-01-20,00:19:56,889,-1.28
2019-01-20,00:19:57,889,0.49
2019-01-20,00:19:58,889,1.88
2019-01-20,00:19:59,889,1.27
2019-01-20,00:20:00,889,-1.21
2019-01-20,00:20:01,889,-3.18
2019-01-20,00:20:02,889,-2.22
2019-01-20,00:20:03,889,0.91
2019-01-20,00:20:04,890,3.16
2019-01-20,00:20:05,889,1.7
2019-01-20,00:20:06,889,-2.23
2019-01-20,00:20:07,889,-4.11
2019-01-20,00:20:08,889,-2.45
2019-01-20,00:20:09,889,0.73
2019-01-20,00:20:10,889,2.38
2019-01-20,00:20:11,889,1.87
2019-01-20,00:20:12,889,0.29
2019-01-20,00:20:13,889,-1.39
2019-01-20,00:20:14,889,-2.52
2019-01-20,00:20:15,889,-2.63
2019-01-20,00:20:16,889,-1.62
2019-01-20,00:20:17,889,0.05
2019-01-20,00:20:18,889,1.72
2019-01-20,00:20:19,889,2.34
2019-01-20,00:20:20,890,1.17
2019-01-20,00:20:21,889,-1.29
2019-01-20,00:20:22,889,-3.34
2019-01-20,00:20:23,889,-3.24
2019-01-20,00:20:24,889,-1.15
2019-01-20,00:20:25,889,0.98
2019-01-20,00:20:26,889,1.29
2019-01-20,00:20:27,889,0.46
2019-01-20,00:20:28,889,0.11
2019-01-20,00:20:29,889,0.12
2019-01-20,00:20:30,889,-0.37
2019-01-20,00:20:31,889,-1.74
2019-01-20,00:20:32,889,-2.81
2019-01-20,00:20:33,889,-1.93
2019-01-20,00:20:34,889,0.66
2019-01-20,00:20:35,890,2.65
2019-01-20,00:20:36,889,1.91
2019-01-20,00:20:37,889,-1.05
2019-01-20,00:20:38,889,-3.2
2019-01-20,00:20:39,889,-2.55
2019-01-20,00:20:40,889,-0.03
2019-01-20,00:20:41,889,1.79
2019-01-20,00:20:42,889,1.2
2019-01-20,00:20:43,889,-0.63
2019-01-20,00:20:44,889,-1.6
2019-01-20,00:20:45,889,-1.32
2019-01-20,00:20:46,889,-0.62
2019-01-20,00:20:47,889,-0.25
2019-01-20,00:20:48,889,-0.27
2019-01-20,00:20:49,889,-0.41
2019-01-20,00:20:50,890,-0.76
2019-01-20,00:20:51,889,-1.06
2019-01-20,00:20:52,889,-0.89
2019-01-20,00:20:53,889,-0.08
2019-01-20,00:20:54,889,0.82
2019-01-20,00:20:55,889,0.77
2019-01-20,00:20:56,889,-0.47
2019-01-20,00:20:57,889,-1.77
2019-01-20,00:20:58,889,-1.91
2019-01-20,00:20:59,889,-1
2019-01-20,00:21:00,889,0.03
2019-01-20,00:21:01,889,0.82
2019-01-20,00:21:02,889,1.16
2019-01-20,00:21:03,889,0.47
2019-01-20,00:21:04,889,-1.34
2019-01-20,00:21:05,890,-2.95
2019-01-20,00:21:06,889,-2.83
2019-01-20,00:21:07,889,-1.21
2019-01-20,00:21:08,889,0.42
2019-01-20,00:21:09,889,1.48
2019-01-20,00:21:10,889,1.6
2019-01-20,00:21:11,889,0.52
2019-01-20,00:21:12,889,-0.95
2019-01-20,00:21:13,889,-1.57
2019-01-20,00:21:14,889,-1.23
2019-01-20,00:21:15,889,-0.99
2019-01-20,00:21:16,889,-1.36
2019-01-20,00:21:17,889,-1.29
2019-01-20,00:21:18,889,-0.27
2019-01-20,00:21:19,889,0.9
2019-01-20,00:21:20,890,1.03
2019-01-20,00:21:21,890,-0.14
2019-01-20,00:21:22,889,-1.34
2019-01-20,00:21:23,889,-1.61
2019-01-20,00:21:24,889,-1.09
2019-01-20,00:21:25,889,-0.28
2019-01-20,00:21:26,889,0.43
2019-01-20,00:21:27,889,0.27
2019-01-20,00:21:28,889,-0.87
2019-01-20,00:21:29,889,-1.52
2019-01-20,00:21:30,889,-0.85
2019-01-20,00:21:31,889,0.62
2019-01-20,00:21:32,889,1.31
2019-01-20,00:21:33,889,0.15
2019-01-20,00:21:34,889,-2.13
2019-01-20,00:21:35,890,-3.4
2019-01-20,00:21:36,889,-2.17
2019-01-20,00:21:37,889,0.57
2019-01-20,00:21:38,889,2.64
2019-01-20,00:21:39,889,2.24
2019-01-20,00:21:40,889,-0.09
2019-01-20,00:21:41,889,-2.07
2019-01-20,00:21:42,889,-2.18
2019-01-20,00:21:43,889,-1.18
2019-01-20,00:21:44,889,-0.51
2019-01-20,00:21:45,889,-0.4
2019-01-20,00:21:46,889,-0.22
2019-01-20,00:21:47,889,0.34
2019-01-20,00:21:48,889,0.73
2019-01-20,00:21:49,889,-0.07
2019-01-20,00:21:50,890,-1.88
2019-01-20,00:21:51,890,-2.42
2019-01-20,00:21:52,889,-0.95
2019-01-20,00:21:53,889,0.85
2019-01-20,00:21:54,889,0.81
2019-01-20,00:21:55,889,-0.76
2019-01-20,00:21:56,889,-1.44
2019-01-20,00:21:57,889,-0.29
2019-01-20,00:21:58,889,1.15
2019-01-20,00:21:59,889,0.82
2019-01-20,00:22:00,889,-1.21
2019-01-20,00:22:01,889,-2.9
2019-01-20,00:22:02,889,-2.36
2019-01-20,00:22:03,889,0.15
2019-01-20,00:22:04,889,2.45
2019-01-20,00:22:05,890,2.34
2019-01-20,00:22:06,890,-0.56
2019-01-20,00:22:07,889,-3.44
2019-01-20,00:22:08,889,-3.28
2019-01-20,00:22:09,889,-0.46
2019-01-20,00:22:10,889,2.18
2019-01-20,00:22:11,889,2.14
2019-01-20,00:22:12,889,0.07
2019-01-20,00:22:13,889,-1.61
2019-01-20,00:22:14,889,-1.75
2019-01-20,00:22:15,889,-0.83
2019-01-20,00:22:16,889,-0.08
2019-01-20,00:22:17,889,-0.26
2019-01-20,00:22:18,889,-0.95
2019-01-20,00:22:19,889,-0.88
2019-01-20,00:22:20,890,0.25
2019-01-20,00:22:21,890,1.16
2019-01-20,00:22:22,890,0.42
2019-01-20,00:22:23,889,-1.73
2019-01-20,00:22:24,889,-2.95
2019-01-20,00:22:25,889,-1.75
2019-01-20,00:22:26,889,0.66
2019-01-20,00:22:27,889,1.96
2019-01-20,00:22:28,889,1.16
2019-01-20,00:22:29,889,-0.77
2019-01-20,00:22:30,889,-1.99
2019-01-20,00:22:31,889,-1.64
2019-01-20,00:22:32,889,-0.34
2019-01-20,00:22:33,889,0.54
2019-01-20,00:22:34,889,0.15
2019-01-20,00:22:35,890,-0.86
2019-01-20,00:22:36,890,-1.66
2019-01-20,00:22:37,890,-1.61
2019-01-20,00:22:38,889,-0.3
2019-01-20,00:22:39,889,1.31
2019-01-20,00:22:40,889,1.52
2019-01-20,00:22:41,889,-0.3
2019-01-20,00:22:42,889,-2.3
2019-01-20,00:22:43,889,-2.49
2019-01-20,00:22:44,889,-0.78
2019-01-20,00:22:45,889,1.12
2019-01-20,00:22:46,889,1.62
2019-01-20,00:22:47,889,0.31
2019-01-20,00:22:48,889,-1.59
2019-01-20,00:22:49,889,-2.26
2019-01-20,00:22:50,890,-1.19
2019-01-20,00:22:51,890,0.19
2019-01-20,00:22:52,890,0.28
2019-01-20,00:22:53,889,-0.5
2019-01-20,00:22:54,889,-0.66
2019-01-20,00:22:55,889,-0.03
2019-01-20,00:22:56,889,0.12
2019-01-20,00:22:57,889,-0.66
2019-01-20,00:22:58,889,-1.43
2019-01-20,00:22:59,889,-1.12
2019-01-20,00:23:00,889,-0.13
2019-01-20,00:23:01,889,0.41
2019-01-20,00:23:02,889,-0.03
2019-01-20,00:23:03,889,-0.72
2019-01-20,00:23:04,889,-0.75
2019-01-20,00:23:05,890,-0.56
2019-01-20,00:23:06,890,-0.94
2019-01-20,00:23:07,890,-1.55
2019-01-20,00:23:08,889,-1.07
2019-01-20,00:23:09,889,0.48
2019-01-20,00:23:10,889,1.59
2019-01-20,00:23:11,889,1
2019-01-20,00:23:12,889,-1.05
2019-01-20,00:23:13,889,-2.82
2019-01-20,00:23:14,889,-2.52
2019-01-20,00:23:15,889,-0.41
2019-01-20,00:23:16,889,1.65
2019-01-20,00:23:17,889,1.9
2019-01-20,00:23:18,889,0.23
2019-01-20,00:23:19,889,-1.83
2019-01-20,00:23:20,890,-2.61
2019-01-20,00:23:21,890,-1.68
2019-01-20,00:23:22,890,-0.04
2019-01-20,00:23:23,889,1.07
2019-01-20,00:23:24,889,1.1
2019-01-20,00:23:25,889,-0.13
2019-01-20,00:23:26,889,-1.82
2019-01-20,00:23:27,889,-2.11
2019-01-20,00:23:28,889,-0.75
2019-01-20,00:23:29,889,0.83
2019-01-20,00:23:30,889,1.04
2019-01-20,00:23:31,889,-0.02
2019-01-20,00:23:32,889,-1.15
2019-01-20,00:23:33,889,-1.27
2019-01-20,00:23:34,889,-0.67
2019-01-20,00:23:35,890,-0.38
2019-01-20,00:23:36,890,-0.71
2019-01-20,00:23:37,890,-1.15
2019-01-20,00:23:38,889,-1.18
2019-01-20,00:23:39,889,-0.58
2019-01-20,00:23:40,889,0.28
2019-01-20,00:23:41,889,0.86
2019-01-20,00:23:42,889,0.79
2019-01-20,00:23:43,889,-0.09
2019-01-20,00:23:44,889,-1.43
2019-01-20,00:23:45,889,-2.39
2019-01-20,00:23:46,889,-2.13
2019-01-20,00:23:47,889,-0.43
2019-01-20,00:23:48,889,1.38
2019-01-20,00:23:49,889,1.62
2019-01-20,00:23:50,890,-0.13
2019-01-20,00:23:51,890,-2.3
2019-01-20,00:23:52,890,-2.23
2019-01-20,00:23:53,889,-0.27
2019-01-20,00:23:54,889,1.08
2019-01-20,00:23:55,889,0.1
2019-01-20,00:23:56,889,-1.44
2019-01-20,00:23:57,889,-1.34
2019-01-20,00:23:58,889,0
2019-01-20,00:23:59,889,0.92
2019-01-20,00:24:00,889,0.46
2019-01-20,00:24:01,889,-0.71
2019-01-20,00:24:02,889,-1.65
2019-01-20,00:24:03,889,-1.75
2019-01-20,00:24:04,889,-1.06
2019-01-20,00:24:05,890,-0.13
2019-01-20,00:24:06,890,0.5
2019-01-20,00:24:07,890,0.44
2019-01-20,00:24:08,889,-0.27
2019-01-20,00:24:09,889,-1.02
2019-01-20,00:24:10,889,-0.99
2019-01-20,00:24:11,889,-0.1
2019-01-20,00:24:12,889,0.38
2019-01-20,00:24:13,889,-0.71
2019-01-20,00:24:14,889,-2.43
2019-01-20,00:24:15,889,-2.43
2019-01-20,00:24:16,889,-0.49
2019-01-20,00:24:17,889,1.69
2019-01-20,00:24:18,889,2.39
2019-01-20,00:24:19,889,1.31
2019-01-20,00:24:20,890,-0.74
2019-01-20,00:24:21,890,-2.62
2019-01-20,00:24:22,890,-3.2
2019-01-20,00:24:23,890,-1.91
2019-01-20,00:24:24,889,0.25
2019-01-20,00:24:25,889,1.39
2019-01-20,00:24:26,889,0.7
2019-01-20,00:24:27,889,-0.45
2019-01-20,00:24:28,889,-0.59
2019-01-20,00:24:29,889,0.22
2019-01-20,00:24:30,889,0.35
2019-01-20,00:24:31,889,-1.47
2019-01-20,00:24:32,889,-3.66
2019-01-20,00:24:33,889,-3.01
2019-01-20,00:24:34,889,0.57
2019-01-20,00:24:35,890,3.8
2019-01-20,00:24:36,890,3.62
2019-01-20,00:24:37,890,0.05
2019-01-20,00:24:38,890,-3.04
2019-01-20,00:24:39,890,-3.22
2019-01-20,00:24:40,889,-1.09
2019-01-20,00:24:41,889,0.51
2019-01-20,00:24:42,889,-0.11
2019-01-20,00:24:43,889,-1.46
2019-01-20,00:24:44,889,-1.3
2019-01-20,00:24:45,889,0.28
2019-01-20,00:24:46,889,1.51
2019-01-20,00:24:47,889,1.31
2019-01-20,00:24:48,889,0.01
2019-01-20,00:24:49,889,-1.17
2019-01-20,00:24:50,890,-1.8
2019-01-20,00:24:51,890,-2.26
2019-01-20,00:24:52,890,-2.52
2019-01-20,00:24:53,890,-1.49
2019-01-20,00:24:54,889,0.98
2019-01-20,00:24:55,889,3
2019-01-20,00:24:56,889,2.68
2019-01-20,00:24:57,889,0.08
2019-01-20,00:24:58,889,-2.64
2019-01-20,00:24:59,889,-3.58
2019-01-20,00:25:00,889,-2.55
2019-01-20,00:25:01,889,-0.63
2019-01-20,00:25:02,889,1.04
2019-01-20,00:25:03,889,1.84
2019-01-20,00:25:04,889,1.41
2019-01-20,00:25:05,890,-0.03
2019-01-20,00:25:06,890,-1.93
2019-01-20,00:25:07,890,-2.95
2019-01-20,00:25:08,890,-2.06
2019-01-20,00:25:09,890,-0.07
2019-01-20,00:25:10,889,1.28
2019-01-20,00:25:11,889,1.03
2019-01-20,00:25:12,889,-0.3
2019-01-20,00:25:13,889,-1.62
2019-01-20,00:25:14,889,-1.57
2019-01-20,00:25:15,889,-0.3
2019-01-20,00:25:16,889,0.4
2019-01-20,00:25:17,889,-0.36
2019-01-20,00:25:18,889,-1.29
2019-01-20,00:25:19,889,-1.02
2019-01-20,00:25:20,890,0.02
2019-01-20,00:25:21,890,0.54
2019-01-20,00:25:22,890,-0.04
2019-01-20,00:25:23,890,-0.79
2019-01-20,00:25:24,889,-0.86
2019-01-20,00:25:25,889,-0.74
2019-01-20,00:25:26,889,-1.09
2019-01-20,00:25:27,889,-1.21
2019-01-20,00:25:28,889,-0.66
2019-01-20,00:25:29,889,-0.14
2019-01-20,00:25:30,889,-0.14
2019-01-20,00:25:31,889,-0.37
2019-01-20,00:25:32,889,-0.36
2019-01-20,00:25:33,889,-0.06
2019-01-20,00:25:34,889,0.03
2019-01-20,00:25:35,890,-0.2
2019-01-20,00:25:36,890,-0.52
2019-01-20,00:25:37,890,-0.97
2019-01-20,00:25:38,890,-1.76
2019-01-20,00:25:39,890,-2.06
2019-01-20,00:25:40,889,-0.88
2019-01-20,00:25:41,889,1.14
2019-01-20,00:25:42,889,1.79
2019-01-20,00:25:43,889,0.66
2019-01-20,00:25:44,889,-0.98
2019-01-20,00:25:45,889,-2.37
2019-01-20,00:25:46,889,-2.96
2019-01-20,00:25:47,889,-1.77
2019-01-20,00:25:48,889,1.02
2019-01-20,00:25:49,889,3.26
2019-01-20,00:25:50,890,2.56
2019-01-20,00:25:51,890,-1.05
2019-01-20,00:25:52,890,-4.09
2019-01-20,00:25:53,890,-3.43
2019-01-20,00:25:54,889,-0.52
2019-01-20,00:25:55,889,1.55
2019-01-20,00:25:56,889,1.24
2019-01-20,00:25:57,889,0.07
2019-01-20,00:25:58,889,-0.76
2019-01-20,00:25:59,889,-1.13
2019-01-20,00:26:00,889,-1.1
2019-01-20,00:26:01,889,-0.63
2019-01-20,00:26:02,889,0.08
2019-01-20,00:26:03,889,0.05
2019-01-20,00:26:04,889,-0.89
2019-01-20,00:26:05,889,-1.39
2019-01-20,00:26:06,890,-0.7
2019-01-20,00:26:07,890,0.4
2019-01-20,00:26:08,890,0.66
2019-01-20,00:26:09,890,-0.12
2019-01-20,00:26:10,890,-1.37
2019-01-20,00:26:11,889,-2.01
2019-01-20,00:26:12,889,-1.18
2019-01-20,00:26:13,889,0.37
2019-01-20,00:26:14,889,0.91
2019-01-20,00:26:15,889,-0.16
2019-01-20,00:26:16,889,-1.23
2019-01-20,00:26:17,889,-1.22
2019-01-20,00:26:18,889,-0.53
2019-01-20,00:26:19,889,-0.06
2019-01-20,00:26:20,889,0.1
2019-01-20,00:26:21,889,0.26
2019-01-20,00:26:22,890,0.17
2019-01-20,00:26:23,890,-0.75
2019-01-20,00:26:24,890,-1.92
2019-01-20,00:26:25,889,-2.02
2019-01-20,00:26:26,889,-0.94
2019-01-20,00:26:27,889,0.14
2019-01-20,00:26:28,889,-0.05
2019-01-20,00:26:29,889,-0.88
2019-01-20,00:26:30,889,-0.58
2019-01-20,00:26:31,889,0.85
2019-01-20,00:26:32,889,1.76
2019-01-20,00:26:33,889,0.76
2019-01-20,00:26:34,889,-1.71
2019-01-20,00:26:35,889,-3.6
2019-01-20,00:26:36,889,-2.75
2019-01-20,00:26:37,890,0.21
2019-01-20,00:26:38,890,2.63
2019-01-20,00:26:39,890,2.22
2019-01-20,00:26:40,889,-0.3
2019-01-20,00:26:41,889,-2.45
2019-01-20,00:26:42,889,-2.6
2019-01-20,00:26:43,889,-1.27
2019-01-20,00:26:44,889,-0.27
2019-01-20,00:26:45,889,-0.09
2019-01-20,00:26:46,889,0.32
2019-01-20,00:26:47,889,1.07
2019-01-20,00:26:48,889,1.3
2019-01-20,00:26:49,889,0.02
2019-01-20,00:26:50,889,-2.35
2019-01-20,00:26:51,889,-3.59
2019-01-20,00:26:52,889,-1.87
2019-01-20,00:26:53,890,1.28
2019-01-20,00:26:54,890,3.1
2019-01-20,00:26:55,890,1.54
2019-01-20,00:26:56,889,-1.81
2019-01-20,00:26:57,889,-3.53
2019-01-20,00:26:58,889,-2.12
2019-01-20,00:26:59,889,0.33
2019-01-20,00:27:00,889,1.28
2019-01-20,00:27:01,889,0.59
2019-01-20,00:27:02,889,-0.29
2019-01-20,00:27:03,889,-0.53
2019-01-20,00:27:04,889,-0.48
2019-01-20,00:27:05,889,-0.72
2019-01-20,00:27:06,889,-1.12
2019-01-20,00:27:07,889,-1.05
2019-01-20,00:27:08,889,-0.64
2019-01-20,00:27:09,890,-0.53
2019-01-20,00:27:10,890,-0.63
2019-01-20,00:27:11,890,-0.37
2019-01-20,00:27:12,889,0.46
2019-01-20,00:27:13,889,0.99
2019-01-20,00:27:14,889,-0.09
2019-01-20,00:27:15,889,-2.18
2019-01-20,00:27:16,889,-2.76
2019-01-20,00:27:17,889,-0.73
2019-01-20,00:27:18,889,1.96
2019-01-20,00:27:19,889,2.51
2019-01-20,00:27:20,889,0.22
2019-01-20,00:27:21,889,-2.55
2019-01-20,00:27:22,889,-3.26
2019-01-20,00:27:23,889,-1.79
2019-01-20,00:27:24,889,0.16
2019-01-20,00:27:25,890,0.96
2019-01-20,00:27:26,890,0.85
2019-01-20,00:27:27,889,0.75
2019-01-20,00:27:28,889,0.66
2019-01-20,00:27:29,889,-0.13
2019-01-20,00:27:30,889,-1.95
2019-01-20,00:27:31,889,-3.3
2019-01-20,00:27:32,889,-2.47
2019-01-20,00:27:33,889,0.18
2019-01-20,00:27:34,889,2.53
2019-01-20,00:27:35,889,2.29
2019-01-20,00:27:36,889,-0.26
2019-01-20,00:27:37,889,-2.46
2019-01-20,00:27:38,889,-2.38
2019-01-20,00:27:39,889,-0.54
2019-01-20,00:27:40,890,1.02
2019-01-20,00:27:41,889,0.9
2019-01-20,00:27:42,889,-0.78
2019-01-20,00:27:43,889,-2.31
2019-01-20,00:27:44,889,-1.87
2019-01-20,00:27:45,889,0.21
2019-01-20,00:27:46,889,1.91
2019-01-20,00:27:47,889,1.55
2019-01-20,00:27:48,889,-0.33
2019-01-20,00:27:49,889,-1.92
2019-01-20,00:27:50,889,-2.2
2019-01-20,00:27:51,889,-1.71
2019-01-20,00:27:52,889,-1.26
2019-01-20,00:27:53,889,-0.63
2019-01-20,00:27:54,889,0.54
2019-01-20,00:27:55,889,1.79
2019-01-20,00:27:56,889,1.96
2019-01-20,00:27:57,889,0.11
2019-01-20,00:27:58,889,-2.64
2019-01-20,00:27:59,889,-3.56
2019-01-20,00:28:00,889,-2
2019-01-20,00:28:01,889,0.23
2019-01-20,00:28:02,889,1.54
2019-01-20,00:28:03,889,1.64
2019-01-20,00:28:04,889,0.79
2019-01-20,00:28:05,889,-0.6
2019-01-20,00:28:06,889,-1.92
2019-01-20,00:28:07,889,-2.74
2019-01-20,00:28:08,889,-2.66
2019-01-20,00:28:09,889,-1.03
2019-01-20,00:28:10,889,1.52
2019-01-20,00:28:11,890,3.06
2019-01-20,00:28:12,889,1.89
2019-01-20,00:28:13,889,-0.86
2019-01-20,00:28:14,889,-2.61
2019-01-20,00:28:15,889,-2.7
2019-01-20,00:28:16,889,-2.1
2019-01-20,00:28:17,889,-1.12
2019-01-20,00:28:18,889,0.5
2019-01-20,00:28:19,889,1.95
2019-01-20,00:28:20,889,1.98
2019-01-20,00:28:21,889,0.35
2019-01-20,00:28:22,889,-1.74
2019-01-20,00:28:23,889,-2.75
2019-01-20,00:28:24,889,-2.4
2019-01-20,00:28:25,889,-1.21
2019-01-20,00:28:26,890,0.29
2019-01-20,00:28:27,889,1.18
2019-01-20,00:28:28,889,0.84
2019-01-20,00:28:29,889,-0.19
2019-01-20,00:28:30,889,-0.9
2019-01-20,00:28:31,889,-0.71
2019-01-20,00:28:32,889,-0.32
2019-01-20,00:28:33,889,-0.9
2019-01-20,00:28:34,889,-2.17
2019-01-20,00:28:35,889,-1.96
2019-01-20,00:28:36,889,0.08
2019-01-20,00:28:37,889,2.07
2019-01-20,00:28:38,889,1.92
2019-01-20,00:28:39,889,-0.21
2019-01-20,00:28:40,889,-2.25
2019-01-20,00:28:41,890,-2.7
2019-01-20,00:28:42,889,-1.75
2019-01-20,00:28:43,889,-0.33
2019-01-20,00:28:44,889,0.77
2019-01-20,00:28:45,889,0.95
2019-01-20,00:28:46,889,0.11
2019-01-20,00:28:47,889,-0.68
2019-01-20,00:28:48,889,-0.61
2019-01-20,00:28:49,889,-0.42
2019-01-20,00:28:50,889,-0.81
2019-01-20,00:28:51,889,-1.28
2019-01-20,00:28:52,889,-1.26
2019-01-20,00:28:53,889,-0.87
2019-01-20,00:28:54,889,-0.33
2019-01-20,00:28:55,889,0.05
2019-01-20,00:28:56,889,-0.07
2019-01-20,00:28:57,889,-0.47
2019-01-20,00:28:58,889,-0.35
2019-01-20,00:28:59,889,0.16
2019-01-20,00:29:00,889,0.1
2019-01-20,00:29:01,889,-0.9
2019-01-20,00:29:02,889,-1.79
2019-01-20,00:29:03,889,-1.78
2019-01-20,00:29:04,889,-0.96
2019-01-20,00:29:05,889,0.1
2019-01-20,00:29:06,889,0.95
2019-01-20,00:29:07,889,1.41
2019-01-20,00:29:08,889,0.71
2019-01-20,00:29:09,889,-1.61
2019-01-20,00:29:10,889,-3.55
2019-01-20,00:29:11,889,-2.96
2019-01-20,00:29:12,890,-0.34
2019-01-20,00:29:13,889,1.95
2019-01-20,00:29:14,889,2.26
2019-01-20,00:29:15,889,0.94
2019-01-20,00:29:16,889,-0.73
2019-01-20,00:29:17,889,-2.23
2019-01-20,00:29:18,889,-3.15
2019-01-20,00:29:19,889,-2.16
2019-01-20,00:29:20,889,0.36
2019-01-20,00:29:21,889,1.85
2019-01-20,00:29:22,889,1.08
2019-01-20,00:29:23,889,-0.43
2019-01-20,00:29:24,889,-1.17
2019-01-20,00:29:25,889,-1
2019-01-20,00:29:26,889,-0.78
2019-01-20,00:29:27,890,-0.78
2019-01-20,00:29:28,889,-0.72
2019-01-20,00:29:29,889,-0.93
2019-01-20,00:29:30,889,-1.53
2019-01-20,00:29:31,889,-1.06
2019-01-20,00:29:32,889,0.86
2019-01-20,00:29:33,889,2.74
2019-01-20,00:29:34,889,2.02
2019-01-20,00:29:35,889,-1.21
2019-01-20,00:29:36,889,-3.77
2019-01-20,00:29:37,889,-3.5
2019-01-20,00:29:38,889,-1.33
2019-01-20,00:29:39,889,0.75
2019-01-20,00:29:40,889,1.9
2019-01-20,00:29:41,889,1.68
2019-01-20,00:29:42,890,0.15
2019-01-20,00:29:43,889,-1.76
2019-01-20,00:29:44,889,-2.45
2019-01-20,00:29:45,889,-1.24
2019-01-20,00:29:46,889,0.63
2019-01-20,00:29:47,889,1.12
2019-01-20,00:29:48,889,-0.23
2019-01-20,00:29:49,889,-1.66
2019-01-20,00:29:50,889,-1.82
2019-01-20,00:29:51,889,-0.93
2019-01-20,00:29:52,889,-0.1
2019-01-20,00:29:53,889,0.37
2019-01-20,00:29:54,889,0.73
2019-01-20,00:29:55,889,0.46
2019-01-20,00:29:56,889,-0.67
2019-01-20,00:29:57,890,-1.85
2019-01-20,00:29:58,889,-2.28
2019-01-20,00:29:59,889,-1.51
2019-01-20,00:30:00,889,0.21
2019-01-20,00:30:01,889,1.69
2019-01-20,00:30:02,889,1.64
2019-01-20,00:30:03,889,-0.09
2019-01-20,00:30:04,889,-2.02
2019-01-20,00:30:05,889,-2.51
2019-01-20,00:30:06,889,-1.55
2019-01-20,00:30:07,889,-0.36
2019-01-20,00:30:08,889,0.16
2019-01-20,00:30:09,889,0.27
2019-01-20,00:30:10,889,0.1
2019-01-20,00:30:11,889,-0.45
2019-01-20,00:30:12,889,-0.88
2019-01-20,00:30:13,890,-0.69
2019-01-20,00:30:14,889,-0.3
2019-01-20,00:30:15,889,-0.39
2019-01-20,00:30:16,889,-0.95
2019-01-20,00:30:17,889,-1.32
2019-01-20,00:30:18,889,-0.9
2019-01-20,00:30:19,889,0.24
2019-01-20,00:30:20,889,0.85
2019-01-20,00:30:21,889,0.01
2019-01-20,00:30:22,889,-1.04
2019-01-20,00:30:23,889,-1.01
2019-01-20,00:30:24,889,-0.55
2019-01-20,00:30:25,889,-0.71
2019-01-20,00:30:26,889,-1.32
2019-01-20,00:30:27,889,-1.31
2019-01-20,00:30:28,889,-0.14
2019-01-20,00:30:29,889,1.33
2019-01-20,00:30:30,889,1.56
2019-01-20,00:30:31,889,-0.03
2019-01-20,00:30:32,889,-2.53
2019-01-20,00:30:33,889,-3.54
2019-01-20,00:30:34,889,-1.97
2019-01-20,00:30:35,889,0.96
2019-01-20,00:30:36,889,2.81
2019-01-20,00:30:37,889,2.32
2019-01-20,00:30:38,889,0.04
2019-01-20,00:30:39,889,-2.48
2019-01-20,00:30:40,889,-3.58
2019-01-20,00:30:41,889,-2.55
2019-01-20,00:30:42,889,-0.29
2019-01-20,00:30:43,889,1.52
2019-01-20,00:30:44,889,1.8
2019-01-20,00:30:45,889,0.44
2019-01-20,00:30:46,889,-1.31
2019-01-20,00:30:47,889,-1.95
2019-01-20,00:30:48,889,-1.26
2019-01-20,00:30:49,889,-0.12
2019-01-20,00:30:50,889,0.37
2019-01-20,00:30:51,889,-0.14
2019-01-20,00:30:52,889,-1.19
2019-01-20,00:30:53,889,-1.34
2019-01-20,00:30:54,889,-0.19
2019-01-20,00:30:55,889,0.71
2019-01-20,00:30:56,889,0.2
2019-01-20,00:30:57,889,-0.81
2019-01-20,00:30:58,889,-1.49
2019-01-20,00:30:59,889,-1.81
2019-01-20,00:31:00,889,-1.52
2019-01-20,00:31:01,889,-0.06
2019-01-20,00:31:02,889,1.86
2019-01-20,00:31:03,889,2.3
2019-01-20,00:31:04,889,0.24
2019-01-20,00:31:05,889,-2.56
2019-01-20,00:31:06,889,-3.43
2019-01-20,00:31:07,889,-1.82
2019-01-20,00:31:08,889,0.24
2019-01-20,00:31:09,889,0.88
2019-01-20,00:31:10,889,0.35
2019-01-20,00:31:11,889,-0.23
2019-01-20,00:31:12,889,-0.4
2019-01-20,00:31:13,889,-0.31
2019-01-20,00:31:14,890,-0.43
2019-01-20,00:31:15,889,-1.08
2019-01-20,00:31:16,889,-1.81
2019-01-20,00:31:17,889,-1.6
2019-01-20,00:31:18,889,-0.32
2019-01-20,00:31:19,889,1.01
2019-01-20,00:31:20,889,1.44
2019-01-20,00:31:21,889,0.69
2019-01-20,00:31:22,889,-1.19
2019-01-20,00:31:23,889,-2.68
2019-01-20,00:31:24,889,-2.37
2019-01-20,00:31:25,889,-0.53
2019-01-20,00:31:26,889,1.1
2019-01-20,00:31:27,889,0.96
2019-01-20,00:31:28,889,-0.35
2019-01-20,00:31:29,889,-0.99
2019-01-20,00:31:30,889,-0.7
2019-01-20,00:31:31,889,-0.47
2019-01-20,00:31:32,889,-0.63
2019-01-20,00:31:33,889,-0.77
2019-01-20,00:31:34,889,-0.83
2019-01-20,00:31:35,889,-0.86
2019-01-20,00:31:36,889,-0.55
2019-01-20,00:31:37,889,0.19
2019-01-20,00:31:38,889,0.61
2019-01-20,00:31:39,889,-0.14
2019-01-20,00:31:40,889,-1.16
2019-01-20,00:31:41,889,-1.7
2019-01-20,00:31:42,889,-1.54
2019-01-20,00:31:43,889,-0.81
2019-01-20,00:31:44,889,0.25
2019-01-20,00:31:45,889,0.77
2019-01-20,00:31:46,889,0.16
2019-01-20,00:31:47,889,-1.08
2019-01-20,00:31:48,889,-1.49
2019-01-20,00:31:49,889,-0.51
2019-01-20,00:31:50,889,0.7
2019-01-20,00:31:51,889,0.56
2019-01-20,00:31:52,889,-0.86
2019-01-20,00:31:53,889,-2.1
2019-01-20,00:31:54,889,-2.24
2019-01-20,00:31:55,889,-1.2
2019-01-20,00:31:56,889,0.53
2019-01-20,00:31:57,889,1.79
2019-01-20,00:31:58,889,1.36
2019-01-20,00:31:59,889,-0.74
2019-01-20,00:32:00,888,-2.58
2019-01-20,00:32:01,889,-2.51
2019-01-20,00:32:02,889,-0.97
2019-01-20,00:32:03,889,0.64
2019-01-20,00:32:04,889,1.56
2019-01-20,00:32:05,889,1.28
2019-01-20,00:32:06,889,-0.54
2019-01-20,00:32:07,889,-2.76
2019-01-20,00:32:08,889,-3.09
2019-01-20,00:32:09,889,-0.88
2019-01-20,00:32:10,889,1.83
2019-01-20,00:32:11,889,2.44
2019-01-20,00:32:12,889,0.07
2019-01-20,00:32:13,889,-2.73
2019-01-20,00:32:14,889,-2.84
2019-01-20,00:32:15,889,-0.22
2019-01-20,00:32:16,889,2.34
2019-01-20,00:32:17,889,2.03
2019-01-20,00:32:18,889,-1.09
2019-01-20,00:32:19,889,-3.52
2019-01-20,00:32:20,889,-2.6
2019-01-20,00:32:21,889,0.15
2019-01-20,00:32:22,889,1.99
2019-01-20,00:32:23,889,1.5
2019-01-20,00:32:24,889,-0.07
2019-01-20,00:32:25,889,-1.08
2019-01-20,00:32:26,889,-1.3
2019-01-20,00:32:27,889,-1.2
2019-01-20,00:32:28,889,-0.91
2019-01-20,00:32:29,889,-0.51
2019-01-20,00:32:30,889,-0.44
2019-01-20,00:32:31,889,-0.72
2019-01-20,00:32:32,889,-0.54
2019-01-20,00:32:33,889,0.16
2019-01-20,00:32:34,889,0.54
2019-01-20,00:32:35,889,-0.14
2019-01-20,00:32:36,889,-1.31
2019-01-20,00:32:37,889,-1.71
2019-01-20,00:32:38,889,-0.99
2019-01-20,00:32:39,889,-0.02
2019-01-20,00:32:40,889,0.42
2019-01-20,00:32:41,889,0.45
2019-01-20,00:32:42,889,-0.13
2019-01-20,00:32:43,889,-1.22
2019-01-20,00:32:44,889,-1.63
2019-01-20,00:32:45,888,-0.97
2019-01-20,00:32:46,889,-0.23
2019-01-20,00:32:47,889,-0.08
2019-01-20,00:32:48,889,-0.46
2019-01-20,00:32:49,889,-0.89
2019-01-20,00:32:50,889,-0.63
2019-01-20,00:32:51,889,0.09
2019-01-20,00:32:52,889,0.17
2019-01-20,00:32:53,889,-0.63
2019-01-20,00:32:54,889,-1.35
2019-01-20,00:32:55,889,-1.4
2019-01-20,00:32:56,889,-0.59
2019-01-20,00:32:57,889,0.69
2019-01-20,00:32:58,889,1.28
2019-01-20,00:32:59,889,0.06
2019-01-20,00:33:00,889,-2.2
2019-01-20,00:33:01,889,-3.27
2019-01-20,00:33:02,889,-1.67
2019-01-20,00:33:03,889,1.36
2019-01-20,00:33:04,889,3.05
2019-01-20,00:33:05,889,1.63
2019-01-20,00:33:06,889,-1.1
2019-01-20,00:33:07,889,-2.59
2019-01-20,00:33:08,889,-2.26
2019-01-20,00:33:09,889,-1.37
2019-01-20,00:33:10,889,-0.72
2019-01-20,00:33:11,889,0.05
2019-01-20,00:33:12,889,1.01
2019-01-20,00:33:13,889,1.11
2019-01-20,00:33:14,889,0.05
2019-01-20,00:33:15,889,-1.24
2019-01-20,00:33:16,889,-1.77
2019-01-20,00:33:17,889,-1.52
2019-01-20,00:33:18,889,-0.97
2019-01-20,00:33:19,889,-0.05
2019-01-20,00:33:20,889,0.88
2019-01-20,00:33:21,889,0.79
2019-01-20,00:33:22,889,-0.62
2019-01-20,00:33:23,889,-1.85
2019-01-20,00:33:24,889,-1.6
2019-01-20,00:33:25,889,-0.59
2019-01-20,00:33:26,889,0.02
2019-01-20,00:33:27,889,-0.04
2019-01-20,00:33:28,889,-0.46
2019-01-20,00:33:29,889,-0.63
2019-01-20,00:33:30,889,-0.28
2019-01-20,00:33:31,889,-0.01
2019-01-20,00:33:32,889,-0.48
2019-01-20,00:33:33,889,-1.33
2019-01-20,00:33:34,889,-1.38
2019-01-20,00:33:35,889,-0.29
2019-01-20,00:33:36,889,0.87
2019-01-20,00:33:37,889,0.74
2019-01-20,00:33:38,889,-0.96
2019-01-20,00:33:39,889,-2.66
2019-01-20,00:33:40,889,-2.18
2019-01-20,00:33:41,889,0.08
2019-01-20,00:33:42,889,1.92
2019-01-20,00:33:43,889,1.58
2019-01-20,00:33:44,889,-0.48
2019-01-20,00:33:45,889,-2.18
2019-01-20,00:33:46,889,-2.39
2019-01-20,00:33:47,889,-1.23
2019-01-20,00:33:48,889,0.4
2019-01-20,00:33:49,889,1.28
2019-01-20,00:33:50,889,0.53
2019-01-20,00:33:51,889,-1.07
2019-01-20,00:33:52,889,-1.91
2019-01-20,00:33:53,889,-1.23
2019-01-20,00:33:54,889,0.08
2019-01-20,00:33:55,889,0.52
2019-01-20,00:33:56,889,0.16
2019-01-20,00:33:57,889,-0.45
2019-01-20,00:33:58,889,-1.26
2019-01-20,00:33:59,889,-1.58
2019-01-20,00:34:00,889,-1
2019-01-20,00:34:01,890,-0.15
2019-01-20,00:34:02,889,0.04
2019-01-20,00:34:03,889,0.18
2019-01-20,00:34:04,889,0.46
2019-01-20,00:34:05,889,0.27
2019-01-20,00:34:06,889,-1.07
2019-01-20,00:34:07,889,-2.55
2019-01-20,00:34:08,889,-2.42
2019-01-20,00:34:09,889,-0.35
2019-01-20,00:34:10,889,1.75
2019-01-20,00:34:11,889,1.91
2019-01-20,00:34:12,889,-0.19
2019-01-20,00:34:13,889,-2.2
2019-01-20,00:34:14,889,-2
2019-01-20,00:34:15,889,-0.28
2019-01-20,00:34:16,890,0.91
2019-01-20,00:34:17,889,0.21
2019-01-20,00:34:18,889,-1.43
2019-01-20,00:34:19,889,-1.91
2019-01-20,00:34:20,889,-0.6
2019-01-20,00:34:21,889,0.97
2019-01-20,00:34:22,889,0.9
2019-01-20,00:34:23,889,-0.69
2019-01-20,00:34:24,889,-1.86
2019-01-20,00:34:25,889,-1.39
2019-01-20,00:34:26,889,0.01
2019-01-20,00:34:27,889,0.63
2019-01-20,00:34:28,889,-0.25
2019-01-20,00:34:29,889,-1.32
2019-01-20,00:34:30,889,-0.88
2019-01-20,00:34:31,890,0.31
2019-01-20,00:34:32,889,0.61
2019-01-20,00:34:33,889,-0.63
2019-01-20,00:34:34,889,-1.79
2019-01-20,00:34:35,889,-1.52
2019-01-20,00:34:36,889,-0.35
2019-01-20,00:34:37,889,0.3
2019-01-20,00:34:38,889,-0.06
2019-01-20,00:34:39,889,-0.46
2019-01-20,00:34:40,889,-0.22
2019-01-20,00:34:41,889,0.14
2019-01-20,00:34:42,889,0.05
2019-01-20,00:34:43,889,-0.89
2019-01-20,00:34:44,889,-2.17
2019-01-20,00:34:45,889,-2.18
2019-01-20,00:34:46,890,-0.63
2019-01-20,00:34:47,889,1.12
2019-01-20,00:34:48,889,1.78
2019-01-20,00:34:49,889,1.05
2019-01-20,00:34:50,889,-0.74
2019-01-20,00:34:51,889,-2.77
2019-01-20,00:34:52,889,-3.44
2019-01-20,00:34:53,889,-1.8
2019-01-20,00:34:54,889,1.07
2019-01-20,00:34:55,889,3.03
2019-01-20,00:34:56,889,2.44
2019-01-20,00:34:57,889,-0.52
2019-01-20,00:34:58,889,-3.23
2019-01-20,00:34:59,889,-3.24
2019-01-20,00:35:00,889,-1.27
2019-01-20,00:35:01,890,0.43
2019-01-20,00:35:02,889,0.8
2019-01-20,00:35:03,889,0.48
2019-01-20,00:35:04,889,-0.12
2019-01-20,00:35:05,889,-0.8
2019-01-20,00:35:06,889,-1.05
2019-01-20,00:35:07,889,-0.82
2019-01-20,00:35:08,889,-0.59
2019-01-20,00:35:09,889,-0.32
2019-01-20,00:35:10,889,-0.24
2019-01-20,00:35:11,889,-0.48
2019-01-20,00:35:12,889,-0.71
2019-01-20,00:35:13,889,-0.96
2019-01-20,00:35:14,889,-1.3
2019-01-20,00:35:15,889,-1.06
2019-01-20,00:35:16,890,0.01
2019-01-20,00:35:17,890,1.12
2019-01-20,00:35:18,889,1.36
2019-01-20,00:35:19,889,0.02
2019-01-20,00:35:20,889,-2.12
2019-01-20,00:35:21,889,-3.06
2019-01-20,00:35:22,889,-2.08
2019-01-20,00:35:23,889,-0.28
2019-01-20,00:35:24,889,1.24
2019-01-20,00:35:25,889,1.79
2019-01-20,00:35:26,889,1.15
2019-01-20,00:35:27,889,-0.11
2019-01-20,00:35:28,889,-1.27
2019-01-20,00:35:29,889,-2.4
2019-01-20,00:35:30,889,-3.27
2019-01-20,00:35:31,890,-2.79
2019-01-20,00:35:32,890,-0.54
2019-01-20,00:35:33,889,2.31
2019-01-20,00:35:34,889,3.66
2019-01-20,00:35:35,889,2.12
2019-01-20,00:35:36,889,-1.24
2019-01-20,00:35:37,889,-3.35
2019-01-20,00:35:38,889,-2.89
2019-01-20,00:35:39,889,-1.14
2019-01-20,00:35:40,889,-0.05
2019-01-20,00:35:41,889,0.23
2019-01-20,00:35:42,889,0.28
2019-01-20,00:35:43,889,0.23
2019-01-20,00:35:44,889,-0.11
2019-01-20,00:35:45,889,-0.74
2019-01-20,00:35:46,890,-1.5
2019-01-20,00:35:47,890,-1.69
2019-01-20,00:35:48,889,-0.72
2019-01-20,00:35:49,889,0.63
2019-01-20,00:35:50,889,1.04
2019-01-20,00:35:51,889,0.11
2019-01-20,00:35:52,889,-1.28
2019-01-20,00:35:53,889,-2.05
2019-01-20,00:35:54,889,-1.66
2019-01-20,00:35:55,889,-0.59
2019-01-20,00:35:56,889,0.29
2019-01-20,00:35:57,889,0.7
2019-01-20,00:35:58,889,0.56
2019-01-20,00:35:59,889,-0.05
2019-01-20,00:36:00,889,-0.93
2019-01-20,00:36:01,889,-1.98
2019-01-20,00:36:02,890,-2.5
2019-01-20,00:36:03,889,-1.25
2019-01-20,00:36:04,889,0.9
2019-01-20,00:36:05,889,1.95
2019-01-20,00:36:06,889,0.98
2019-01-20,00:36:07,889,-1.01
2019-01-20,00:36:08,889,-2.37
2019-01-20,00:36:09,889,-2.01
2019-01-20,00:36:10,889,-0.66
2019-01-20,00:36:11,889,0.08
2019-01-20,00:36:12,889,-0.2
2019-01-20,00:36:13,889,-0.17
2019-01-20,00:36:14,889,0.62
2019-01-20,00:36:15,889,0.88
2019-01-20,00:36:16,889,-0.59
2019-01-20,00:36:17,890,-2.48
2019-01-20,00:36:18,890,-2.62
2019-01-20,00:36:19,889,-1.1
2019-01-20,00:36:20,889,0.74
2019-01-20,00:36:21,889,1.45
2019-01-20,00:36:22,889,0.8
2019-01-20,00:36:23,889,-0.34
2019-01-20,00:36:24,889,-1.23
2019-01-20,00:36:25,889,-1.44
2019-01-20,00:36:26,889,-0.99
2019-01-20,00:36:27,889,-0.68
2019-01-20,00:36:28,889,-0.87
2019-01-20,00:36:29,889,-0.53
2019-01-20,00:36:30,889,0.37
2019-01-20,00:36:31,889,0.58
2019-01-20,00:36:32,890,-0.55
2019-01-20,00:36:33,890,-1.7
2019-01-20,00:36:34,889,-1.3
2019-01-20,00:36:35,889,0.12
2019-01-20,00:36:36,889,1.03
2019-01-20,00:36:37,889,0.24
2019-01-20,00:36:38,889,-1.63
2019-01-20,00:36:39,889,-2.51
2019-01-20,00:36:40,889,-1.29
2019-01-20,00:36:41,889,0.75
2019-01-20,00:36:42,889,1.68
2019-01-20,00:36:43,889,0.79
2019-01-20,00:36:44,889,-0.55
2019-01-20,00:36:45,889,-1.32
2019-01-20,00:36:46,889,-1.68
2019-01-20,00:36:47,890,-1.84
2019-01-20,00:36:48,890,-1.78
2019-01-20,00:36:49,889,-0.91
2019-01-20,00:36:50,889,0.96
2019-01-20,00:36:51,889,2.36
2019-01-20,00:36:52,889,1.7
2019-01-20,00:36:53,889,-0.78
2019-01-20,00:36:54,889,-2.69
2019-01-20,00:36:55,889,-2.63
2019-01-20,00:36:56,889,-1.28
2019-01-20,00:36:57,889,-0.02
2019-01-20,00:36:58,889,0.55
2019-01-20,00:36:59,889,0.3
2019-01-20,00:37:00,889,-0.28
2019-01-20,00:37:01,889,-0.55
2019-01-20,00:37:02,890,-0.54
2019-01-20,00:37:03,890,-0.65
2019-01-20,00:37:04,889,-0.79
2019-01-20,00:37:05,889,-0.49
2019-01-20,00:37:06,889,0.08
2019-01-20,00:37:07,889,-0.16
2019-01-20,00:37:08,889,-1.54
2019-01-20,00:37:09,889,-2.11
2019-01-20,00:37:10,889,-0.49
2019-01-20,00:37:11,889,1.75
2019-01-20,00:37:12,889,1.96
2019-01-20,00:37:13,889,-0.46
2019-01-20,00:37:14,889,-2.84
2019-01-20,00:37:15,889,-2.67
2019-01-20,00:37:16,889,-0.55
2019-01-20,00:37:17,890,1.26
2019-01-20,00:37:18,890,1.28
2019-01-20,00:37:19,889,-0.08
2019-01-20,00:37:20,889,-0.9
2019-01-20,00:37:21,889,-0.82
2019-01-20,00:37:22,889,-0.67
2019-01-20,00:37:23,889,-1.11
2019-01-20,00:37:24,889,-1.55
2019-01-20,00:37:25,889,-1.24
2019-01-20,00:37:26,889,-0.18
2019-01-20,00:37:27,889,0.76
2019-01-20,00:37:28,889,0.65
2019-01-20,00:37:29,889,-0.41
2019-01-20,00:37:30,889,-1.32
2019-01-20,00:37:31,889,-1.12
2019-01-20,00:37:32,890,-0.04
2019-01-20,00:37:33,890,0.77
2019-01-20,00:37:34,890,0.06
2019-01-20,00:37:35,889,-1.41
2019-01-20,00:37:36,889,-2.22
2019-01-20,00:37:37,889,-1.71
2019-01-20,00:37:38,889,-0.2
2019-01-20,00:37:39,889,1.2
2019-01-20,00:37:40,889,1.2
2019-01-20,00:37:41,889,-0.36
2019-01-20,00:37:42,889,-1.71
2019-01-20,00:37:43,889,-1.5
2019-01-20,00:37:44,889,0.08
2019-01-20,00:37:45,889,1.09
2019-01-20,00:37:46,889,0.01
2019-01-20,00:37:47,889,-2.1
2019-01-20,00:37:48,890,-2.47
2019-01-20,00:37:49,890,-0.92
2019-01-20,00:37:50,889,0.78
2019-01-20,00:37:51,889,1.36
2019-01-20,00:37:52,889,0.68
2019-01-20,00:37:53,889,-0.49
2019-01-20,00:37:54,889,-1.36
2019-01-20,00:37:55,889,-1.81
2019-01-20,00:37:56,889,-1.74
2019-01-20,00:37:57,889,-0.92
2019-01-20,00:37:58,889,0.32
2019-01-20,00:37:59,889,1.2
2019-01-20,00:38:00,889,0.95
2019-01-20,00:38:01,889,-0.53
2019-01-20,00:38:02,889,-2.09
2019-01-20,00:38:03,890,-2.23
2019-01-20,00:38:04,890,-0.85
2019-01-20,00:38:05,889,0.46
2019-01-20,00:38:06,889,0.29
2019-01-20,00:38:07,889,-0.66
2019-01-20,00:38:08,889,-0.76
2019-01-20,00:38:09,889,0.15
2019-01-20,00:38:10,889,0.63
2019-01-20,00:38:11,889,-0.08
2019-01-20,00:38:12,889,-1.7
2019-01-20,00:38:13,889,-2.7
2019-01-20,00:38:14,889,-1.66
2019-01-20,00:38:15,889,0.6
2019-01-20,00:38:16,889,2.11
2019-01-20,00:38:17,889,1.47
2019-01-20,00:38:18,890,-0.72
2019-01-20,00:38:19,889,-2.48
2019-01-20,00:38:20,889,-2.22
2019-01-20,00:38:21,889,-0.72
2019-01-20,00:38:22,889,0.23
2019-01-20,00:38:23,889,0.29
2019-01-20,00:38:24,889,0
2019-01-20,00:38:25,889,-0.5
2019-01-20,00:38:26,889,-1.07
2019-01-20,00:38:27,889,-1.06
2019-01-20,00:38:28,889,-0.51
2019-01-20,00:38:29,889,0.05
2019-01-20,00:38:30,889,0.23
2019-01-20,00:38:31,889,-0.14
2019-01-20,00:38:32,889,-1.02
2019-01-20,00:38:33,890,-1.79
2019-01-20,00:38:34,890,-1.47
2019-01-20,00:38:35,889,-0.07
2019-01-20,00:38:36,889,1.09
2019-01-20,00:38:37,889,0.96
2019-01-20,00:38:38,889,-0.18
2019-01-20,00:38:39,889,-1.53
2019-01-20,00:38:40,889,-2.22
2019-01-20,00:38:41,889,-1.81
2019-01-20,00:38:42,889,-0.86
2019-01-20,00:38:43,889,0.02
2019-01-20,00:38:44,889,0.62
2019-01-20,00:38:45,889,0.73
2019-01-20,00:38:46,889,0.19
2019-01-20,00:38:47,889,-0.77
2019-01-20,00:38:48,889,-1.37
2019-01-20,00:38:49,890,-1
2019-01-20,00:38:50,890,-0.5
2019-01-20,00:38:51,889,-0.54
2019-01-20,00:38:52,889,-0.55
2019-01-20,00:38:53,889,-0.23
2019-01-20,00:38:54,889,-0.3
2019-01-20,00:38:55,889,-1.32
2019-01-20,00:38:56,889,-1.96
2019-01-20,00:38:57,889,-0.67
2019-01-20,00:38:58,889,1.53
2019-01-20,00:38:59,889,2.31
2019-01-20,00:39:00,889,0.12
2019-01-20,00:39:01,889,-3.14
2019-01-20,00:39:02,889,-3.73
2019-01-20,00:39:03,889,-0.86
2019-01-20,00:39:04,889,2.46
2019-01-20,00:39:05,889,2.9
2019-01-20,00:39:06,889,0.35
2019-01-20,00:39:07,889,-2.24
2019-01-20,00:39:08,889,-2.84
2019-01-20,00:39:09,889,-1.77
2019-01-20,00:39:10,889,-0.41
2019-01-20,00:39:11,889,0.34
2019-01-20,00:39:12,889,0.56
2019-01-20,00:39:13,889,0.49
2019-01-20,00:39:14,889,0.2
2019-01-20,00:39:15,889,-0.43
2019-01-20,00:39:16,889,-1.41
2019-01-20,00:39:17,889,-2.12
2019-01-20,00:39:18,889,-1.92
2019-01-20,00:39:19,889,-0.75
2019-01-20,00:39:20,889,0.79
2019-01-20,00:39:21,888,1.47
2019-01-20,00:39:22,888,0.8
2019-01-20,00:39:23,889,-0.43
2019-01-20,00:39:24,889,-1.29
2019-01-20,00:39:25,889,-1.38
2019-01-20,00:39:26,889,-1.09
2019-01-20,00:39:27,889,-1.09
2019-01-20,00:39:28,889,-1.24
2019-01-20,00:39:29,889,-0.89
2019-01-20,00:39:30,889,0
2019-01-20,00:39:31,889,0.7
2019-01-20,00:39:32,889,0.6
2019-01-20,00:39:33,889,0.07
2019-01-20,00:39:34,889,-0.52
2019-01-20,00:39:35,889,-1.27
2019-01-20,00:39:36,888,-1.86
2019-01-20,00:39:37,888,-1.8
2019-01-20,00:39:38,888,-0.94
2019-01-20,00:39:39,889,0.46
2019-01-20,00:39:40,889,1.46
2019-01-20,00:39:41,889,1.17
2019-01-20,00:39:42,889,0.07
2019-01-20,00:39:43,889,-1.56
2019-01-20,00:39:44,889,-3.01
2019-01-20,00:39:45,889,-2.79
2019-01-20,00:39:46,889,-0.81
2019-01-20,00:39:47,889,1.41
2019-01-20,00:39:48,889,1.93
2019-01-20,00:39:49,889,0.54
2019-01-20,00:39:50,889,-1.06
2019-01-20,00:39:51,888,-1.32
2019-01-20,00:39:52,888,-0.6
2019-01-20,00:39:53,888,-0.42
2019-01-20,00:39:54,888,-1.16
2019-01-20,00:39:55,888,-1.72
2019-01-20,00:39:56,889,-1.21
2019-01-20,00:39:57,889,0.05
2019-01-20,00:39:58,889,1.1
2019-01-20,00:39:59,889,1.07
2019-01-20,00:40:00,889,-0.06
2019-01-20,00:40:01,889,-1.39
2019-01-20,00:40:02,889,-1.83
2019-01-20,00:40:03,889,-1.11
2019-01-20,00:40:04,889,-0.28
2019-01-20,00:40:05,889,-0.13
2019-01-20,00:40:06,889,-0.51
2019-01-20,00:40:07,888,-0.78
2019-01-20,00:40:08,888,-0.52
2019-01-20,00:40:09,888,0.08
2019-01-20,00:40:10,888,0.31
2019-01-20,00:40:11,888,-0.22
2019-01-20,00:40:12,888,-1.13
2019-01-20,00:40:13,889,-1.71
2019-01-20,00:40:14,889,-1.57
2019-01-20,00:40:15,889,-0.5
2019-01-20,00:40:16,889,0.99
2019-01-20,00:40:17,889,1.52
2019-01-20,00:40:18,889,0.09
2019-01-20,00:40:19,889,-2.02
2019-01-20,00:40:20,889,-2.33
2019-01-20,00:40:21,889,-0.79
2019-01-20,00:40:22,888,0.57
2019-01-20,00:40:23,888,-0.01
2019-01-20,00:40:24,888,-0.87
2019-01-20,00:40:25,888,-0.3
2019-01-20,00:40:26,888,0.61
2019-01-20,00:40:27,888,0.17
2019-01-20,00:40:28,888,-1.62
2019-01-20,00:40:29,888,-2.63
2019-01-20,00:40:30,889,-1.29
2019-01-20,00:40:31,889,1.17
2019-01-20,00:40:32,889,2.32
2019-01-20,00:40:33,889,1.02
2019-01-20,00:40:34,889,-1.31
2019-01-20,00:40:35,889,-2.73
2019-01-20,00:40:36,889,-2.64
2019-01-20,00:40:37,888,-1.4
2019-01-20,00:40:38,888,0.27
2019-01-20,00:40:39,888,1.73
2019-01-20,00:40:40,888,2.18
2019-01-20,00:40:41,888,0.85
2019-01-20,00:40:42,888,-1.86
2019-01-20,00:40:43,888,-3.6
2019-01-20,00:40:44,888,-2.67
2019-01-20,00:40:45,888,-0.29
2019-01-20,00:40:46,888,1.35
2019-01-20,00:40:47,889,1.36
2019-01-20,00:40:48,889,0.36
2019-01-20,00:40:49,889,-0.62
2019-01-20,00:40:50,889,-1.11
2019-01-20,00:40:51,889,-1.21
2019-01-20,00:40:52,888,-0.98
2019-01-20,00:40:53,888,-0.56
2019-01-20,00:40:54,888,-0.45
2019-01-20,00:40:55,888,-0.86
2019-01-20,00:40:56,888,-0.86
2019-01-20,00:40:57,888,-0.02
2019-01-20,00:40:58,888,0.63
2019-01-20,00:40:59,888,0.04
2019-01-20,00:41:00,888,-1.2
2019-01-20,00:41:01,888,-1.95
2019-01-20,00:41:02,889,-1.05
2019-01-20,00:41:03,889,0.98
2019-01-20,00:41:04,889,2.06
2019-01-20,00:41:05,889,0.94
2019-01-20,00:41:06,889,-1.85
2019-01-20,00:41:07,888,-4.09
2019-01-20,00:41:08,888,-3.5
2019-01-20,00:41:09,888,-0.27
2019-01-20,00:41:10,888,2.92
2019-01-20,00:41:11,888,3.44
2019-01-20,00:41:12,888,1.08
2019-01-20,00:41:13,888,-1.84
2019-01-20,00:41:14,888,-2.77
2019-01-20,00:41:15,888,-1.88
2019-01-20,00:41:16,888,-0.81
2019-01-20,00:41:17,889,-0.78
2019-01-20,00:41:18,889,-0.93
2019-01-20,00:41:19,889,-0.19
2019-01-20,00:41:20,889,0.97
2019-01-20,00:41:21,888,1.26
2019-01-20,00:41:22,888,0.18
2019-01-20,00:41:23,888,-1.18
2019-01-20,00:41:24,888,-1.61
2019-01-20,00:41:25,888,-1.32
2019-01-20,00:41:26,888,-1.17
2019-01-20,00:41:27,888,-1.24
2019-01-20,00:41:28,888,-0.67
2019-01-20,00:41:29,888,0.62
2019-01-20,00:41:30,888,1.57
2019-01-20,00:41:31,888,1.14
2019-01-20,00:41:32,889,-0.68
2019-01-20,00:41:33,889,-2.52
2019-01-20,00:41:34,889,-2.95
2019-01-20,00:41:35,889,-1.67
2019-01-20,00:41:36,889,0.42
2019-01-20,00:41:37,889,1.68
2019-01-20,00:41:38,888,1.06
2019-01-20,00:41:39,888,-0.54
2019-01-20,00:41:40,888,-1.46
